{"pos": {"0": {"x": 0.9101871522681397, "y": 0.1806020066889631}, "1": {"x": 0.6889534065684306, "y": 0.08474323921480198}, "10": {"x": 0.6737198078408474, "y": 0.20508720127865118}, "11": {"x": 0.39293255477155575, "y": 0.7528181944531774}, "12": {"x": 0.7415595824876188, "y": 0.7174779628479049}, "13": {"x": 0.7790161414296696, "y": 0.24080359666324075}, "14": {"x": 0.12797847809377397, "y": 0.560848678536236}, "2": {"x": 0.8431587318922071, "y": 0.4577553311764688}, "3": {"x": 0.2512015135751807, "y": 0.013377926421404684}, "4": {"x": 0.15186372040473753, "y": 0.2480633347231768}, "5": {"x": 0.18461445347580002, "y": 0.5370192550913725}, "6": {"x": 0.30267871390494966, "y": 0.1626200304271706}, "7": {"x": 0.46005923140053345, "y": 0.23576205566554592}, "8": {"x": 0.42761085992021436, "y": 0.6387770145120298}, "9": {"x": 0.6940145907131902, "y": 0.56825656898283}}}